likelihood.noise_covar.raw_noise,covar_module.raw_outputscale,covar_module.base_kernel.raw_lengthscale,likelihood.noise_covar.raw_noise_constrained,covar_module.raw_outputscale_constrained,covar_module.base_kernel.raw_lengthscale_constrained
0.0,0.0,0.0,7.499999628635123e-05,0.6931471824645996,0.6931471824645996
-9.545378684997559,1.7700748443603516,6.4481611251831055,5.000357487006113e-05,1.9273521900177002,6.449743270874023
-9.545433044433594,1.569401502609253,6.827688217163086,5.000357487006113e-05,1.7585082054138184,6.828771114349365
6.325968265533447,2.39803147315979,6.683789253234863,9.991069964598864e-05,2.4850316047668457,6.685039520263672
-8.188230514526367,5.621669292449951,9.342499732971191,5.0013888539979234e-05,5.62528133392334,9.3425874710083
-9.050469398498535,8.61382007598877,10.49791431427002,5.000586315873079e-05,8.614001274108887,10.497941970825195
-13.51815128326416,11.781805992126465,11.266429901123047,5.000006785849109e-05,11.781813621520996,11.26644229888916
