likelihood.noise_covar.raw_noise,covar_module.raw_outputscale,covar_module.base_kernel.raw_lengthscale,likelihood.noise_covar.raw_noise_constrained,covar_module.raw_outputscale_constrained,covar_module.base_kernel.raw_lengthscale_constrained
0.0,0.0,0.0,7.499999628635123e-05,0.6931471824645996,0.6931471824645996
-0.5637381076812744,0.5412076711654663,-1.1743123531341553,6.813414802309126e-05,0.999925971031189,0.26928746700286865
-11.448555946350098,2.3481380939483643,2.9907948970794678,5.00005335197784e-05,2.439391851425171,3.039820671081543
-11.448650360107422,2.6162307262420654,3.7858755588531494,5.00005335197784e-05,2.6867616176605225,3.8083109855651855
-11.449043273925781,1.8212172985076904,7.087983131408691,5.00005335197784e-05,1.9712125062942505,7.088818073272705
-13.280250549316406,2.2072391510009766,7.337775707244873,5.000008241040632e-05,2.3116025924682617,7.338426113128662
-13.280722618103027,4.012716293334961,9.773422241210938,5.000008241040632e-05,4.030638694763184,9.773479461669922
