likelihood.noise_covar.raw_noise,covar_module.raw_outputscale,covar_module.base_kernel.raw_lengthscale,likelihood.noise_covar.raw_noise_constrained,covar_module.raw_outputscale_constrained,covar_module.base_kernel.raw_lengthscale_constrained
0.0,0.0,0.0,7.499999628635123e-05,0.6931471824645996,0.6931471824645996
-8.565120697021484,2.3506205081939697,14.503742218017578,5.000953024136834e-05,2.4416580200195312,14.503743171691895
-13.440271377563477,1.3483370542526245,16.334857940673828,5.00000714964699e-05,1.5791882276535034,16.334857940673828
-13.440701484680176,2.8122544288635254,19.462141036987305,5.00000714964699e-05,2.870588779449463,19.462141036987305
-13.441971778869629,5.339051246643066,23.26656723022461,5.00000714964699e-05,5.3438401222229,23.26656723022461
-15.677303314208984,6.882302284240723,23.959016799926758,5.000000601285137e-05,6.883327484130859,23.959016799926758
-15.677790641784668,8.456828117370605,24.442842483520508,5.000000601285137e-05,8.457040786743164,24.442842483520508
