likelihood.noise_covar.raw_noise,covar_module.raw_outputscale,covar_module.base_kernel.raw_lengthscale,likelihood.noise_covar.raw_noise_constrained,covar_module.raw_outputscale_constrained,covar_module.base_kernel.raw_lengthscale_constrained
0.0,0.0,0.0,7.499999628635123e-05,0.6931471824645996,0.6931471824645996
2.1838968677911907e-05,0.5412335395812988,-1.508054256439209,7.500027277274057e-05,0.9999423027038574,0.19994880259037018
-11.063079833984375,2.353764533996582,3.097257614135742,5.000078454031609e-05,2.444528818130493,3.141439914703369
-15.134967803955078,1.988747477531433,6.167257308959961,5.0000013288808987e-05,2.117023468017578,6.169352054595947
-15.134998321533203,1.8524202108383179,10.661818504333496,5.0000013288808987e-05,1.9981271028518677,10.661842346191406
-15.13502025604248,2.0528974533081055,9.865466117858887,5.0000013288808987e-05,2.1736648082733154,9.865517616271973
-15.135042190551758,2.1956541538238525,9.211965560913086,5.0000013288808987e-05,2.3011717796325684,9.212065696716309
