likelihood.noise_covar.raw_noise,covar_module.raw_outputscale,covar_module.base_kernel.raw_lengthscale,likelihood.noise_covar.raw_noise_constrained,covar_module.raw_outputscale_constrained,covar_module.base_kernel.raw_lengthscale_constrained
0.0,0.0,0.0,7.499999628635123e-05,0.6931471824645996,0.6931471824645996
1.5860226994846016e-05,0.541171133518219,-0.24619366228580475,7.500020001316443e-05,0.9999028444290161,0.5776076912879944
-9.836990356445312,5.640852928161621,6.460892677307129,5.0002669013338163e-05,5.6443963050842285,6.462454795837402
-10.361205101013184,2.4796321392059326,5.570681571960449,5.000158125767484e-05,2.5600814819335938,5.574482440948486
-10.361870765686035,6.012838363647461,8.142148971557617,5.000158125767484e-05,6.01528263092041,8.142439842224121
-11.997233390808105,10.553913116455078,9.68316650390625,5.000030796509236e-05,10.553938865661621,9.683228492736816
-14.087529182434082,19.98232078552246,10.774991035461426,5.000003511668183e-05,19.98232078552246,10.775012016296387
