likelihood.noise_covar.raw_noise,covar_module.raw_outputscale,covar_module.base_kernel.raw_lengthscale,likelihood.noise_covar.raw_noise_constrained,covar_module.raw_outputscale_constrained,covar_module.base_kernel.raw_lengthscale_constrained
0.0,0.0,0.0,7.499999628635123e-05,0.6931471824645996,0.6931471824645996
-0.18375839293003082,0.5412029027938843,0.5582265257835388,7.270945934578776e-05,0.9999229311943054,1.0107170343399048
-7.614143371582031,2.5781753063201904,4.463675022125244,5.0024656957248226e-05,2.6513442993164062,4.475129127502441
-7.614187240600586,2.005800247192383,4.185879707336426,5.0024656957248226e-05,2.1320385932922363,4.200973987579346
-7.614902496337891,3.2203752994537354,6.170093059539795,5.002463876735419e-05,3.259538412094116,6.172182083129883
-12.546950340270996,5.095108985900879,7.06624174118042,5.0000176997855306e-05,5.101216793060303,7.067094802856445
-12.547691345214844,8.487004280090332,8.262689590454102,5.0000176997855306e-05,8.487210273742676,8.262947082519531
