likelihood.noise_covar.raw_noise,covar_module.raw_outputscale,covar_module.base_kernel.raw_lengthscale,likelihood.noise_covar.raw_noise_constrained,covar_module.raw_outputscale_constrained,covar_module.base_kernel.raw_lengthscale_constrained
0.0,0.0,0.0,7.499999628635123e-05,0.6931471824645996,0.6931471824645996
-0.08919132500886917,1.2811604738235474,7.793727397918701,7.388584344880655e-05,1.5262336730957031,7.794139862060547
-13.05485725402832,0.6496714353561401,5.934350490570068,5.0000104238279164e-05,1.0698394775390625,5.9369940757751465
-13.054951667785645,1.9921776056289673,9.230488777160645,5.0000104238279164e-05,2.1200413703918457,9.230587005615234
-13.055168151855469,4.571205139160156,11.080313682556152,5.0000104238279164e-05,4.581497669219971,11.080328941345215
-13.055375099182129,4.877897262573242,10.309511184692383,5.0000104238279164e-05,4.885481357574463,10.309544563293457
-13.159944534301758,10.519124984741211,13.134000778198242,5.000009332434274e-05,10.51915168762207,13.134002685546875
