likelihood.noise_covar.raw_noise,covar_module.raw_outputscale,covar_module.base_kernel.raw_lengthscale,likelihood.noise_covar.raw_noise_constrained,covar_module.raw_outputscale_constrained,covar_module.base_kernel.raw_lengthscale_constrained
0.0,0.0,0.0,7.499999628635123e-05,0.6931471824645996,0.6931471824645996
-6.85522985458374,0.8519578576087952,6.45261287689209,5.0052640290232375e-05,1.2072371244430542,6.454187870025635
-7.857106685638428,1.0898425579071045,5.106698036193848,5.0019341870211065e-05,1.3797242641448975,5.112735748291016
-8.157063484191895,1.151789903640747,5.403549671173096,5.001432873541489e-05,1.4264403581619263,5.4080400466918945
-13.062331199645996,1.8851443529129028,6.213095188140869,5.0000104238279164e-05,2.0264763832092285,6.2150959968566895
-13.062609672546387,5.397532939910889,11.001145362854004,5.0000104238279164e-05,5.402050495147705,11.001161575317383
-13.063031196594238,5.833732604980469,10.724010467529297,5.0000104238279164e-05,5.836655616760254,10.724032402038574
